blocking,ac,track,tier,species,threshold,n_positive,n_spatial_groups,cv_f1_mean,cv_f1_median,cv_f1_std,cv_prauc_mean,cv_prauc_median,cv_prauc_std
clustering,ACOLITE,ACOLITE_only,closure,Alexandrium_catenella,300,1310,363,0.43495,0.47596,0.19147,0.50902,0.5128,0.14226
clustering,ACOLITE,ACOLITE_roms,closure,Alexandrium_catenella,300,1310,363,0.49923,0.51287,0.22216,0.60141,0.63037,0.18187
clustering,ACOLITE,ACOLITE_only,closure,Dinophysis_acuminata,500,2095,363,0.39594,0.33915,0.24723,0.38565,0.30357,0.26239
clustering,ACOLITE,ACOLITE_roms,closure,Dinophysis_acuminata,500,2095,363,0.40205,0.42311,0.14466,0.46848,0.42961,0.24009
clustering,ACOLITE,ACOLITE_only,closure,Dinophysis_norvegica,500,255,363,0.0,0.0,0.0,0.05412,0.0302,0.06666
clustering,ACOLITE,ACOLITE_roms,closure,Dinophysis_norvegica,500,255,363,0.0,0.0,0.0,0.04962,0.03816,0.04683
clustering,ACOLITE,ACOLITE_only,closure,Karenia,5000,1212,363,0.50975,0.53157,0.19201,0.66603,0.74829,0.19435
clustering,ACOLITE,ACOLITE_roms,closure,Karenia,5000,1212,363,0.60289,0.69605,0.23959,0.70823,0.7513,0.15535
clustering,ACOLITE,ACOLITE_only,closure,Pseudo-nitzschia,13000,381,363,0.29975,0.30536,0.1981,0.4011,0.39856,0.17597
clustering,ACOLITE,ACOLITE_roms,closure,Pseudo-nitzschia,13000,381,363,0.36744,0.3877,0.21786,0.51746,0.57243,0.22029
clustering,Baseline,Baseline_only,closure,Alexandrium_catenella,300,1310,363,0.39565,0.41193,0.16933,0.49889,0.46312,0.1456
clustering,Baseline,Baseline_roms,closure,Alexandrium_catenella,300,1310,363,0.47173,0.51191,0.21434,0.60389,0.61589,0.18463
clustering,Baseline,Baseline_only,closure,Dinophysis_acuminata,500,2095,363,0.35543,0.21781,0.26514,0.39344,0.32331,0.26621
clustering,Baseline,Baseline_roms,closure,Dinophysis_acuminata,500,2095,363,0.34342,0.33982,0.16666,0.4424,0.37492,0.23164
clustering,Baseline,Baseline_only,closure,Dinophysis_norvegica,500,255,363,0.0,0.0,0.0,0.08073,0.02625,0.08068
clustering,Baseline,Baseline_roms,closure,Dinophysis_norvegica,500,255,363,0.0,0.0,0.0,0.05942,0.02733,0.05898
clustering,Baseline,Baseline_only,closure,Karenia,5000,1212,363,0.38102,0.42864,0.22489,0.54982,0.65523,0.2435
clustering,Baseline,Baseline_roms,closure,Karenia,5000,1212,363,0.41705,0.47143,0.27297,0.61031,0.68711,0.20619
clustering,Baseline,Baseline_only,closure,Pseudo-nitzschia,13000,381,363,0.28265,0.29643,0.17644,0.34305,0.39089,0.16297
clustering,Baseline,Baseline_roms,closure,Pseudo-nitzschia,13000,381,363,0.34312,0.3877,0.19085,0.47435,0.51939,0.17917
clustering,C2RCC,C2RCC_only,closure,Alexandrium_catenella,300,1310,363,0.36997,0.3894,0.17903,0.43706,0.44407,0.17617
clustering,C2RCC,C2RCC_roms,closure,Alexandrium_catenella,300,1310,363,0.48997,0.52818,0.2256,0.59148,0.6213,0.1818
clustering,C2RCC,C2RCC_only,closure,Dinophysis_acuminata,500,2095,363,0.29899,0.24134,0.22518,0.32436,0.24298,0.27677
clustering,C2RCC,C2RCC_roms,closure,Dinophysis_acuminata,500,2095,363,0.33132,0.31764,0.10295,0.40857,0.37422,0.22954
clustering,C2RCC,C2RCC_only,closure,Dinophysis_norvegica,500,255,363,0.0,0.0,0.0,0.02457,0.01265,0.0337
clustering,C2RCC,C2RCC_roms,closure,Dinophysis_norvegica,500,255,363,0.0,0.0,0.0,0.03564,0.01751,0.043
clustering,C2RCC,C2RCC_only,closure,Karenia,5000,1212,363,0.43862,0.49138,0.22664,0.5757,0.59768,0.17782
clustering,C2RCC,C2RCC_roms,closure,Karenia,5000,1212,363,0.45563,0.61686,0.29585,0.62671,0.70727,0.23416
clustering,C2RCC,C2RCC_only,closure,Pseudo-nitzschia,13000,381,363,0.13508,0.0437,0.17628,0.32545,0.30818,0.22497
clustering,C2RCC,C2RCC_roms,closure,Pseudo-nitzschia,13000,381,363,0.24319,0.17812,0.2056,0.45389,0.51195,0.23321
clustering,ACOLITE,ACOLITE_only,warning,Alexandrium_catenella,100,1706,363,0.43708,0.48355,0.17273,0.52426,0.53288,0.12782
clustering,ACOLITE,ACOLITE_roms,warning,Alexandrium_catenella,100,1706,363,0.48388,0.55379,0.20017,0.60001,0.62755,0.14662
clustering,ACOLITE,ACOLITE_only,warning,Dinophysis_acuminata,200,3897,363,0.55817,0.48773,0.23372,0.56938,0.49159,0.23334
clustering,ACOLITE,ACOLITE_roms,warning,Dinophysis_acuminata,200,3897,363,0.57011,0.52642,0.21989,0.60225,0.54173,0.2102
clustering,ACOLITE,ACOLITE_only,warning,Dinophysis_norvegica,200,1276,363,0.03151,0.03043,0.02899,0.15883,0.12912,0.10669
clustering,ACOLITE,ACOLITE_roms,warning,Dinophysis_norvegica,200,1276,363,0.04549,0.06002,0.03122,0.17367,0.15664,0.10961
clustering,ACOLITE,ACOLITE_only,warning,Karenia,1000,2518,363,0.51925,0.63778,0.20873,0.68499,0.75716,0.1701
clustering,ACOLITE,ACOLITE_roms,warning,Karenia,1000,2518,363,0.52123,0.57864,0.23179,0.73248,0.75536,0.16328
clustering,ACOLITE,ACOLITE_only,warning,Pseudo-nitzschia,2000,2132,363,0.48135,0.47183,0.08597,0.54649,0.55704,0.08747
clustering,ACOLITE,ACOLITE_roms,warning,Pseudo-nitzschia,2000,2132,363,0.54944,0.58282,0.10217,0.63773,0.65291,0.08779
clustering,Baseline,Baseline_only,warning,Alexandrium_catenella,100,1706,363,0.39409,0.40681,0.17956,0.5084,0.47796,0.13812
clustering,Baseline,Baseline_roms,warning,Alexandrium_catenella,100,1706,363,0.45265,0.51306,0.18677,0.5885,0.58871,0.13867
clustering,Baseline,Baseline_only,warning,Dinophysis_acuminata,200,3897,363,0.54965,0.47491,0.21285,0.57731,0.4563,0.23311
clustering,Baseline,Baseline_roms,warning,Dinophysis_acuminata,200,3897,363,0.55737,0.52604,0.22481,0.60422,0.53295,0.20685
clustering,Baseline,Baseline_only,warning,Dinophysis_norvegica,200,1276,363,0.02828,0.02055,0.02916,0.16296,0.14964,0.12278
clustering,Baseline,Baseline_roms,warning,Dinophysis_norvegica,200,1276,363,0.02665,0.00132,0.03735,0.18112,0.15862,0.12203
clustering,Baseline,Baseline_only,warning,Karenia,1000,2518,363,0.45237,0.45876,0.18264,0.64219,0.67646,0.17108
clustering,Baseline,Baseline_roms,warning,Karenia,1000,2518,363,0.48621,0.55347,0.23035,0.70851,0.75458,0.1786
clustering,Baseline,Baseline_only,warning,Pseudo-nitzschia,2000,2132,363,0.4461,0.43353,0.07715,0.48885,0.48358,0.07573
clustering,Baseline,Baseline_roms,warning,Pseudo-nitzschia,2000,2132,363,0.54328,0.58858,0.09389,0.61697,0.61401,0.08552
clustering,C2RCC,C2RCC_only,warning,Alexandrium_catenella,100,1706,363,0.34195,0.35818,0.16448,0.40831,0.38372,0.16912
clustering,C2RCC,C2RCC_roms,warning,Alexandrium_catenella,100,1706,363,0.45304,0.51021,0.18175,0.56852,0.57774,0.13188
clustering,C2RCC,C2RCC_only,warning,Dinophysis_acuminata,200,3897,363,0.51541,0.4829,0.21845,0.53152,0.46572,0.24456
clustering,C2RCC,C2RCC_roms,warning,Dinophysis_acuminata,200,3897,363,0.55024,0.53947,0.19059,0.5862,0.52644,0.19902
clustering,C2RCC,C2RCC_only,warning,Dinophysis_norvegica,200,1276,363,0.05151,0.03333,0.05179,0.13132,0.11041,0.11276
clustering,C2RCC,C2RCC_roms,warning,Dinophysis_norvegica,200,1276,363,0.05855,0.07072,0.05,0.16755,0.13808,0.11758
clustering,C2RCC,C2RCC_only,warning,Karenia,1000,2518,363,0.48849,0.55952,0.18882,0.63627,0.65776,0.16148
clustering,C2RCC,C2RCC_roms,warning,Karenia,1000,2518,363,0.47864,0.56443,0.25383,0.71048,0.76299,0.17674
clustering,C2RCC,C2RCC_only,warning,Pseudo-nitzschia,2000,2132,363,0.43227,0.42245,0.10911,0.48929,0.49639,0.13464
clustering,C2RCC,C2RCC_roms,warning,Pseudo-nitzschia,2000,2132,363,0.54034,0.52646,0.09374,0.62302,0.60286,0.09547
grid,ACOLITE,ACOLITE_only,closure,Alexandrium_catenella,300,1303,399,0.45938,0.50225,0.18972,0.53167,0.52235,0.12653
grid,ACOLITE,ACOLITE_roms,closure,Alexandrium_catenella,300,1303,399,0.51018,0.55347,0.21564,0.60415,0.61145,0.17429
grid,ACOLITE,ACOLITE_only,closure,Dinophysis_acuminata,500,2091,399,0.36222,0.24991,0.26469,0.38784,0.29928,0.26864
grid,ACOLITE,ACOLITE_roms,closure,Dinophysis_acuminata,500,2091,399,0.40165,0.38871,0.14631,0.47477,0.44303,0.23381
grid,ACOLITE,ACOLITE_only,closure,Dinophysis_norvegica,500,255,399,0.0,0.0,0.0,0.05691,0.02463,0.07038
grid,ACOLITE,ACOLITE_roms,closure,Dinophysis_norvegica,500,255,399,0.0,0.0,0.0,0.05515,0.03884,0.04107
grid,ACOLITE,ACOLITE_only,closure,Karenia,5000,1212,399,0.59373,0.64276,0.13413,0.68596,0.71592,0.11129
grid,ACOLITE,ACOLITE_roms,closure,Karenia,5000,1212,399,0.65292,0.71841,0.19042,0.71776,0.7384,0.12312
grid,ACOLITE,ACOLITE_only,closure,Pseudo-nitzschia,13000,378,399,0.34868,0.34815,0.18757,0.47452,0.50781,0.20171
grid,ACOLITE,ACOLITE_roms,closure,Pseudo-nitzschia,13000,378,399,0.46101,0.5,0.20572,0.54922,0.60112,0.22975
grid,Baseline,Baseline_only,closure,Alexandrium_catenella,300,1303,399,0.39514,0.44542,0.16479,0.51522,0.53963,0.12299
grid,Baseline,Baseline_roms,closure,Alexandrium_catenella,300,1303,399,0.49934,0.52649,0.22041,0.60399,0.63671,0.18883
grid,Baseline,Baseline_only,closure,Dinophysis_acuminata,500,2091,399,0.34895,0.2,0.26423,0.38673,0.26859,0.27417
grid,Baseline,Baseline_roms,closure,Dinophysis_acuminata,500,2091,399,0.33758,0.29743,0.14477,0.4426,0.40482,0.23289
grid,Baseline,Baseline_only,closure,Dinophysis_norvegica,500,255,399,0.0,0.0,0.0,0.05521,0.03181,0.05533
grid,Baseline,Baseline_roms,closure,Dinophysis_norvegica,500,255,399,0.0,0.0,0.0,0.04617,0.03253,0.04281
grid,Baseline,Baseline_only,closure,Karenia,5000,1212,399,0.50462,0.49213,0.12665,0.61977,0.6372,0.12289
grid,Baseline,Baseline_roms,closure,Karenia,5000,1212,399,0.60788,0.66007,0.1427,0.69478,0.69567,0.11131
grid,Baseline,Baseline_only,closure,Pseudo-nitzschia,13000,378,399,0.25508,0.28039,0.17443,0.43773,0.43753,0.21685
grid,Baseline,Baseline_roms,closure,Pseudo-nitzschia,13000,378,399,0.40709,0.46135,0.2125,0.55141,0.61584,0.22652
grid,C2RCC,C2RCC_only,closure,Alexandrium_catenella,300,1303,399,0.36709,0.4069,0.14766,0.46808,0.47658,0.1262
grid,C2RCC,C2RCC_roms,closure,Alexandrium_catenella,300,1303,399,0.51016,0.54934,0.21654,0.59968,0.6358,0.17119
grid,C2RCC,C2RCC_only,closure,Dinophysis_acuminata,500,2091,399,0.30554,0.2391,0.20385,0.34504,0.27455,0.27457
grid,C2RCC,C2RCC_roms,closure,Dinophysis_acuminata,500,2091,399,0.32892,0.33069,0.14558,0.44099,0.38513,0.24479
grid,C2RCC,C2RCC_only,closure,Dinophysis_norvegica,500,255,399,0.0,0.0,0.0,0.03442,0.01804,0.03795
grid,C2RCC,C2RCC_roms,closure,Dinophysis_norvegica,500,255,399,0.0,0.0,0.0,0.03099,0.0179,0.03919
grid,C2RCC,C2RCC_only,closure,Karenia,5000,1212,399,0.52634,0.54609,0.14987,0.60449,0.63832,0.12196
grid,C2RCC,C2RCC_roms,closure,Karenia,5000,1212,399,0.65418,0.68963,0.11685,0.69394,0.71996,0.11268
grid,C2RCC,C2RCC_only,closure,Pseudo-nitzschia,13000,378,399,0.2459,0.24038,0.10474,0.41764,0.42323,0.21876
grid,C2RCC,C2RCC_roms,closure,Pseudo-nitzschia,13000,378,399,0.41929,0.43675,0.19133,0.54544,0.61617,0.24898
grid,ACOLITE,ACOLITE_only,warning,Alexandrium_catenella,100,1694,399,0.44915,0.48508,0.16592,0.53174,0.53044,0.11614
grid,ACOLITE,ACOLITE_roms,warning,Alexandrium_catenella,100,1694,399,0.47691,0.531,0.18787,0.60851,0.64397,0.13629
grid,ACOLITE,ACOLITE_only,warning,Dinophysis_acuminata,200,3881,399,0.56342,0.46948,0.2331,0.59257,0.52507,0.21764
grid,ACOLITE,ACOLITE_roms,warning,Dinophysis_acuminata,200,3881,399,0.5684,0.47719,0.22664,0.61343,0.55802,0.20557
grid,ACOLITE,ACOLITE_only,warning,Dinophysis_norvegica,200,1271,399,0.05964,0.07063,0.04583,0.17277,0.15508,0.11679
grid,ACOLITE,ACOLITE_roms,warning,Dinophysis_norvegica,200,1271,399,0.07477,0.08349,0.0385,0.17795,0.15608,0.11821
grid,ACOLITE,ACOLITE_only,warning,Karenia,1000,2481,399,0.5939,0.61201,0.19341,0.71011,0.7698,0.17812
grid,ACOLITE,ACOLITE_roms,warning,Karenia,1000,2481,399,0.63886,0.67801,0.22543,0.76219,0.8205,0.16684
grid,ACOLITE,ACOLITE_only,warning,Pseudo-nitzschia,2000,2121,399,0.51542,0.52217,0.13864,0.61054,0.62824,0.13614
grid,ACOLITE,ACOLITE_roms,warning,Pseudo-nitzschia,2000,2121,399,0.56704,0.63793,0.14452,0.67268,0.721,0.1347
grid,Baseline,Baseline_only,warning,Alexandrium_catenella,100,1694,399,0.3629,0.37162,0.13596,0.48276,0.46862,0.11479
grid,Baseline,Baseline_roms,warning,Alexandrium_catenella,100,1694,399,0.43858,0.46213,0.17171,0.58852,0.59222,0.13113
grid,Baseline,Baseline_only,warning,Dinophysis_acuminata,200,3881,399,0.53272,0.45811,0.24433,0.57282,0.48994,0.24288
grid,Baseline,Baseline_roms,warning,Dinophysis_acuminata,200,3881,399,0.54206,0.47257,0.23646,0.59943,0.52549,0.22004
grid,Baseline,Baseline_only,warning,Dinophysis_norvegica,200,1271,399,0.0275,0.00699,0.03348,0.16475,0.14732,0.11944
grid,Baseline,Baseline_roms,warning,Dinophysis_norvegica,200,1271,399,0.05102,0.0591,0.04242,0.18774,0.1636,0.11937
grid,Baseline,Baseline_only,warning,Karenia,1000,2481,399,0.61482,0.61257,0.18455,0.70406,0.70712,0.18215
grid,Baseline,Baseline_roms,warning,Karenia,1000,2481,399,0.64744,0.67142,0.19729,0.76102,0.81388,0.16345
grid,Baseline,Baseline_only,warning,Pseudo-nitzschia,2000,2121,399,0.47634,0.45687,0.07741,0.54309,0.54855,0.12644
grid,Baseline,Baseline_roms,warning,Pseudo-nitzschia,2000,2121,399,0.55776,0.54983,0.11083,0.65797,0.65623,0.11119
grid,C2RCC,C2RCC_only,warning,Alexandrium_catenella,100,1694,399,0.35057,0.37042,0.15399,0.44635,0.47076,0.12714
grid,C2RCC,C2RCC_roms,warning,Alexandrium_catenella,100,1694,399,0.47028,0.52521,0.17509,0.57688,0.59249,0.11917
grid,C2RCC,C2RCC_only,warning,Dinophysis_acuminata,200,3881,399,0.54399,0.52121,0.21069,0.54915,0.47046,0.23634
grid,C2RCC,C2RCC_roms,warning,Dinophysis_acuminata,200,3881,399,0.54067,0.49341,0.21174,0.59649,0.53128,0.21723
grid,C2RCC,C2RCC_only,warning,Dinophysis_norvegica,200,1271,399,0.04743,0.05161,0.03769,0.15161,0.13801,0.11368
grid,C2RCC,C2RCC_roms,warning,Dinophysis_norvegica,200,1271,399,0.06305,0.07275,0.04933,0.1772,0.16822,0.12084
grid,C2RCC,C2RCC_only,warning,Karenia,1000,2481,399,0.56985,0.56264,0.1862,0.68716,0.72512,0.16616
grid,C2RCC,C2RCC_roms,warning,Karenia,1000,2481,399,0.62158,0.66019,0.20233,0.75084,0.79725,0.16174
grid,C2RCC,C2RCC_only,warning,Pseudo-nitzschia,2000,2121,399,0.44012,0.44535,0.15113,0.52307,0.57052,0.15598
grid,C2RCC,C2RCC_roms,warning,Pseudo-nitzschia,2000,2121,399,0.555,0.58764,0.12428,0.65402,0.68517,0.13167
quadtree_adaptive,ACOLITE,ACOLITE_only,closure,Alexandrium_catenella,300,1301,401,0.4384,0.46945,0.21465,0.52858,0.53632,0.17601
quadtree_adaptive,ACOLITE,ACOLITE_roms,closure,Alexandrium_catenella,300,1301,401,0.50058,0.54287,0.23108,0.59837,0.62116,0.19345
quadtree_adaptive,ACOLITE,ACOLITE_only,closure,Dinophysis_acuminata,500,2093,401,0.38392,0.2612,0.24317,0.39677,0.29,0.2509
quadtree_adaptive,ACOLITE,ACOLITE_roms,closure,Dinophysis_acuminata,500,2093,401,0.40524,0.38951,0.13135,0.51492,0.43549,0.21273
quadtree_adaptive,ACOLITE,ACOLITE_only,closure,Dinophysis_norvegica,500,255,401,0.0,0.0,0.0,0.04034,0.0242,0.04697
quadtree_adaptive,ACOLITE,ACOLITE_roms,closure,Dinophysis_norvegica,500,255,401,0.0,0.0,0.0,0.05282,0.03829,0.04792
quadtree_adaptive,ACOLITE,ACOLITE_only,closure,Karenia,5000,1210,401,0.58266,0.5641,0.13207,0.6889,0.73639,0.14583
quadtree_adaptive,ACOLITE,ACOLITE_roms,closure,Karenia,5000,1210,401,0.66047,0.71011,0.16827,0.73463,0.77862,0.13443
quadtree_adaptive,ACOLITE,ACOLITE_only,closure,Pseudo-nitzschia,13000,381,401,0.32424,0.36678,0.19951,0.47043,0.50703,0.17166
quadtree_adaptive,ACOLITE,ACOLITE_roms,closure,Pseudo-nitzschia,13000,381,401,0.44866,0.47857,0.17497,0.58432,0.62241,0.2072
quadtree_adaptive,Baseline,Baseline_only,closure,Alexandrium_catenella,300,1301,401,0.42064,0.4381,0.2159,0.51372,0.48994,0.17238
quadtree_adaptive,Baseline,Baseline_roms,closure,Alexandrium_catenella,300,1301,401,0.48097,0.54974,0.23105,0.60097,0.62517,0.20849
quadtree_adaptive,Baseline,Baseline_only,closure,Dinophysis_acuminata,500,2093,401,0.37481,0.34,0.26081,0.40979,0.34231,0.26434
quadtree_adaptive,Baseline,Baseline_roms,closure,Dinophysis_acuminata,500,2093,401,0.41265,0.38976,0.15649,0.48941,0.46459,0.20891
quadtree_adaptive,Baseline,Baseline_only,closure,Dinophysis_norvegica,500,255,401,0.0,0.0,0.0,0.04725,0.01561,0.06396
quadtree_adaptive,Baseline,Baseline_roms,closure,Dinophysis_norvegica,500,255,401,0.0,0.0,0.0,0.0346,0.0168,0.04408
quadtree_adaptive,Baseline,Baseline_only,closure,Karenia,5000,1210,401,0.45661,0.44043,0.12861,0.63474,0.66889,0.16399
quadtree_adaptive,Baseline,Baseline_roms,closure,Karenia,5000,1210,401,0.54055,0.5375,0.15874,0.70402,0.72693,0.15376
quadtree_adaptive,Baseline,Baseline_only,closure,Pseudo-nitzschia,13000,381,401,0.25423,0.26344,0.12586,0.43028,0.47118,0.19473
quadtree_adaptive,Baseline,Baseline_roms,closure,Pseudo-nitzschia,13000,381,401,0.45094,0.51923,0.18993,0.54138,0.61011,0.23021
quadtree_adaptive,C2RCC,C2RCC_only,closure,Alexandrium_catenella,300,1301,401,0.38256,0.36809,0.19051,0.47009,0.43116,0.17096
quadtree_adaptive,C2RCC,C2RCC_roms,closure,Alexandrium_catenella,300,1301,401,0.49294,0.55298,0.23134,0.59462,0.60371,0.19411
quadtree_adaptive,C2RCC,C2RCC_only,closure,Dinophysis_acuminata,500,2093,401,0.31126,0.28526,0.20556,0.34382,0.2391,0.26529
quadtree_adaptive,C2RCC,C2RCC_roms,closure,Dinophysis_acuminata,500,2093,401,0.3608,0.31504,0.1552,0.46075,0.46199,0.21905
quadtree_adaptive,C2RCC,C2RCC_only,closure,Dinophysis_norvegica,500,255,401,0.0,0.0,0.0,0.02231,0.00981,0.0363
quadtree_adaptive,C2RCC,C2RCC_roms,closure,Dinophysis_norvegica,500,255,401,0.0,0.0,0.0,0.03174,0.0156,0.04776
quadtree_adaptive,C2RCC,C2RCC_only,closure,Karenia,5000,1210,401,0.53333,0.58916,0.18439,0.61833,0.68104,0.17272
quadtree_adaptive,C2RCC,C2RCC_roms,closure,Karenia,5000,1210,401,0.599,0.67083,0.1653,0.69688,0.69427,0.16139
quadtree_adaptive,C2RCC,C2RCC_only,closure,Pseudo-nitzschia,13000,381,401,0.21931,0.23429,0.11832,0.44945,0.49511,0.18127
quadtree_adaptive,C2RCC,C2RCC_roms,closure,Pseudo-nitzschia,13000,381,401,0.48171,0.56349,0.19625,0.58805,0.63989,0.24132
quadtree_adaptive,ACOLITE,ACOLITE_only,warning,Alexandrium_catenella,100,1696,401,0.43929,0.47592,0.17245,0.53231,0.54672,0.10881
quadtree_adaptive,ACOLITE,ACOLITE_roms,warning,Alexandrium_catenella,100,1696,401,0.48556,0.54372,0.19751,0.61748,0.62975,0.14512
quadtree_adaptive,ACOLITE,ACOLITE_only,warning,Dinophysis_acuminata,200,3887,401,0.55861,0.45582,0.22422,0.56911,0.45255,0.22237
quadtree_adaptive,ACOLITE,ACOLITE_roms,warning,Dinophysis_acuminata,200,3887,401,0.5621,0.49285,0.21213,0.60374,0.50317,0.18923
quadtree_adaptive,ACOLITE,ACOLITE_only,warning,Dinophysis_norvegica,200,1275,401,0.03814,0.03018,0.04315,0.15784,0.12086,0.1131
quadtree_adaptive,ACOLITE,ACOLITE_roms,warning,Dinophysis_norvegica,200,1275,401,0.04859,0.05507,0.03649,0.17724,0.15429,0.11776
quadtree_adaptive,ACOLITE,ACOLITE_only,warning,Karenia,1000,2512,401,0.60419,0.65282,0.20542,0.72428,0.7584,0.18723
quadtree_adaptive,ACOLITE,ACOLITE_roms,warning,Karenia,1000,2512,401,0.59581,0.70513,0.25941,0.74424,0.821,0.19293
quadtree_adaptive,ACOLITE,ACOLITE_only,warning,Pseudo-nitzschia,2000,2120,401,0.4999,0.50994,0.12329,0.58753,0.61717,0.10686
quadtree_adaptive,ACOLITE,ACOLITE_roms,warning,Pseudo-nitzschia,2000,2120,401,0.57091,0.6287,0.13336,0.66747,0.67556,0.11257
quadtree_adaptive,Baseline,Baseline_only,warning,Alexandrium_catenella,100,1696,401,0.41101,0.44733,0.17181,0.52731,0.54452,0.11044
quadtree_adaptive,Baseline,Baseline_roms,warning,Alexandrium_catenella,100,1696,401,0.47094,0.52079,0.19491,0.60192,0.63288,0.14976
quadtree_adaptive,Baseline,Baseline_only,warning,Dinophysis_acuminata,200,3887,401,0.54646,0.46892,0.21596,0.55795,0.42685,0.23529
quadtree_adaptive,Baseline,Baseline_roms,warning,Dinophysis_acuminata,200,3887,401,0.5495,0.51138,0.21132,0.59037,0.4909,0.20415
quadtree_adaptive,Baseline,Baseline_only,warning,Dinophysis_norvegica,200,1275,401,0.03577,0.02955,0.03635,0.16197,0.13121,0.11535
quadtree_adaptive,Baseline,Baseline_roms,warning,Dinophysis_norvegica,200,1275,401,0.05608,0.03779,0.06387,0.19161,0.15859,0.11878
quadtree_adaptive,Baseline,Baseline_only,warning,Karenia,1000,2512,401,0.56022,0.6092,0.21667,0.67076,0.72666,0.22862
quadtree_adaptive,Baseline,Baseline_roms,warning,Karenia,1000,2512,401,0.59504,0.69351,0.26874,0.74094,0.78991,0.19777
quadtree_adaptive,Baseline,Baseline_only,warning,Pseudo-nitzschia,2000,2120,401,0.46033,0.45626,0.08357,0.54625,0.56771,0.11367
quadtree_adaptive,Baseline,Baseline_roms,warning,Pseudo-nitzschia,2000,2120,401,0.57253,0.58267,0.10472,0.66692,0.67825,0.09965
quadtree_adaptive,C2RCC,C2RCC_only,warning,Alexandrium_catenella,100,1696,401,0.34504,0.37949,0.12026,0.43489,0.44916,0.09624
quadtree_adaptive,C2RCC,C2RCC_roms,warning,Alexandrium_catenella,100,1696,401,0.47526,0.53043,0.1931,0.58109,0.58816,0.13206
quadtree_adaptive,C2RCC,C2RCC_only,warning,Dinophysis_acuminata,200,3887,401,0.50685,0.47731,0.21607,0.53522,0.43387,0.23314
quadtree_adaptive,C2RCC,C2RCC_roms,warning,Dinophysis_acuminata,200,3887,401,0.53258,0.47968,0.18967,0.58172,0.48411,0.19827
quadtree_adaptive,C2RCC,C2RCC_only,warning,Dinophysis_norvegica,200,1275,401,0.04521,0.02982,0.05111,0.14144,0.10882,0.11561
quadtree_adaptive,C2RCC,C2RCC_roms,warning,Dinophysis_norvegica,200,1275,401,0.05742,0.04111,0.04106,0.17941,0.15663,0.1174
quadtree_adaptive,C2RCC,C2RCC_only,warning,Karenia,1000,2512,401,0.57075,0.5918,0.18812,0.68656,0.71681,0.19351
quadtree_adaptive,C2RCC,C2RCC_roms,warning,Karenia,1000,2512,401,0.58709,0.703,0.24715,0.73203,0.78319,0.19443
quadtree_adaptive,C2RCC,C2RCC_only,warning,Pseudo-nitzschia,2000,2120,401,0.45143,0.48597,0.12547,0.51607,0.58188,0.12913
quadtree_adaptive,C2RCC,C2RCC_roms,warning,Pseudo-nitzschia,2000,2120,401,0.57378,0.58987,0.11745,0.65683,0.66301,0.10975
quadtree_random,ACOLITE,ACOLITE_only,closure,Alexandrium_catenella,300,1294,66,0.38539,0.40408,0.21805,0.50527,0.42353,0.17803
quadtree_random,ACOLITE,ACOLITE_roms,closure,Alexandrium_catenella,300,1294,66,0.3555,0.27636,0.25917,0.60763,0.58335,0.22124
quadtree_random,ACOLITE,ACOLITE_only,closure,Dinophysis_acuminata,500,2094,66,0.16309,0.12917,0.18222,0.29053,0.24521,0.19732
quadtree_random,ACOLITE,ACOLITE_roms,closure,Dinophysis_acuminata,500,2094,66,0.15146,0.13942,0.11386,0.30881,0.31738,0.16908
quadtree_random,ACOLITE,ACOLITE_only,closure,Dinophysis_norvegica,500,254,66,0.0,0.0,0.0,0.03927,0.02176,0.04952
quadtree_random,ACOLITE,ACOLITE_roms,closure,Dinophysis_norvegica,500,254,66,0.0,0.0,0.0,0.06314,0.04549,0.08933
quadtree_random,ACOLITE,ACOLITE_only,closure,Karenia,5000,1208,66,0.40156,0.41535,0.27416,0.57137,0.60577,0.25145
quadtree_random,ACOLITE,ACOLITE_roms,closure,Karenia,5000,1208,66,0.48672,0.50547,0.23979,0.65725,0.693,0.23958
quadtree_random,ACOLITE,ACOLITE_only,closure,Pseudo-nitzschia,13000,379,66,0.17567,0.03088,0.21373,0.35763,0.3262,0.27823
quadtree_random,ACOLITE,ACOLITE_roms,closure,Pseudo-nitzschia,13000,379,66,0.22838,0.18611,0.25693,0.41148,0.41705,0.28583
quadtree_random,Baseline,Baseline_only,closure,Alexandrium_catenella,300,1294,66,0.37839,0.36513,0.19344,0.51183,0.48657,0.16865
quadtree_random,Baseline,Baseline_roms,closure,Alexandrium_catenella,300,1294,66,0.38618,0.39234,0.23087,0.62239,0.57189,0.21277
quadtree_random,Baseline,Baseline_only,closure,Dinophysis_acuminata,500,2094,66,0.06875,0.03078,0.10365,0.24396,0.20946,0.18271
quadtree_random,Baseline,Baseline_roms,closure,Dinophysis_acuminata,500,2094,66,0.15584,0.16142,0.11802,0.31804,0.34114,0.1849
quadtree_random,Baseline,Baseline_only,closure,Dinophysis_norvegica,500,254,66,0.0,0.0,0.0,0.03279,0.01576,0.02955
quadtree_random,Baseline,Baseline_roms,closure,Dinophysis_norvegica,500,254,66,0.0,0.0,0.0,0.02958,0.02083,0.0193
quadtree_random,Baseline,Baseline_only,closure,Karenia,5000,1208,66,0.40457,0.44213,0.26419,0.56544,0.69406,0.27855
quadtree_random,Baseline,Baseline_roms,closure,Karenia,5000,1208,66,0.44427,0.45667,0.23135,0.61464,0.67748,0.23382
quadtree_random,Baseline,Baseline_only,closure,Pseudo-nitzschia,13000,379,66,0.12813,0.0,0.20122,0.32138,0.27839,0.26087
quadtree_random,Baseline,Baseline_roms,closure,Pseudo-nitzschia,13000,379,66,0.24784,0.10591,0.28615,0.43697,0.4253,0.32099
quadtree_random,C2RCC,C2RCC_only,closure,Alexandrium_catenella,300,1294,66,0.27928,0.1788,0.19046,0.43449,0.40772,0.13742
quadtree_random,C2RCC,C2RCC_roms,closure,Alexandrium_catenella,300,1294,66,0.47497,0.5881,0.25457,0.61308,0.5755,0.22623
quadtree_random,C2RCC,C2RCC_only,closure,Dinophysis_acuminata,500,2094,66,0.09064,0.07125,0.07286,0.17738,0.15962,0.14648
quadtree_random,C2RCC,C2RCC_roms,closure,Dinophysis_acuminata,500,2094,66,0.15497,0.18199,0.10517,0.30902,0.32316,0.16053
quadtree_random,C2RCC,C2RCC_only,closure,Dinophysis_norvegica,500,254,66,0.0,0.0,0.0,0.04057,0.01246,0.05771
quadtree_random,C2RCC,C2RCC_roms,closure,Dinophysis_norvegica,500,254,66,0.0,0.0,0.0,0.02783,0.02047,0.02089
quadtree_random,C2RCC,C2RCC_only,closure,Karenia,5000,1208,66,0.32166,0.29678,0.21255,0.51816,0.56045,0.23383
quadtree_random,C2RCC,C2RCC_roms,closure,Karenia,5000,1208,66,0.41674,0.46795,0.25314,0.58948,0.64101,0.24421
quadtree_random,C2RCC,C2RCC_only,closure,Pseudo-nitzschia,13000,379,66,0.1126,0.05257,0.14894,0.28337,0.19774,0.21596
quadtree_random,C2RCC,C2RCC_roms,closure,Pseudo-nitzschia,13000,379,66,0.20273,0.19756,0.19179,0.41076,0.38885,0.27277
quadtree_random,ACOLITE,ACOLITE_only,warning,Alexandrium_catenella,100,1682,66,0.3494,0.31366,0.19717,0.43404,0.43805,0.16338
quadtree_random,ACOLITE,ACOLITE_roms,warning,Alexandrium_catenella,100,1682,66,0.37357,0.34068,0.21466,0.50043,0.46046,0.19517
quadtree_random,ACOLITE,ACOLITE_only,warning,Dinophysis_acuminata,200,3867,66,0.38067,0.4186,0.09353,0.48301,0.49599,0.15904
quadtree_random,ACOLITE,ACOLITE_roms,warning,Dinophysis_acuminata,200,3867,66,0.39296,0.43917,0.13563,0.52173,0.57146,0.16119
quadtree_random,ACOLITE,ACOLITE_only,warning,Dinophysis_norvegica,200,1262,66,0.03603,0.01378,0.04213,0.16564,0.14342,0.0814
quadtree_random,ACOLITE,ACOLITE_roms,warning,Dinophysis_norvegica,200,1262,66,0.02286,0.0,0.03725,0.16678,0.15132,0.07164
quadtree_random,ACOLITE,ACOLITE_only,warning,Karenia,1000,2486,66,0.43377,0.47647,0.23304,0.59669,0.65974,0.25804
quadtree_random,ACOLITE,ACOLITE_roms,warning,Karenia,1000,2486,66,0.49115,0.5076,0.26737,0.67847,0.7808,0.25255
quadtree_random,ACOLITE,ACOLITE_only,warning,Pseudo-nitzschia,2000,2106,66,0.39279,0.32951,0.22347,0.48983,0.46607,0.18595
quadtree_random,ACOLITE,ACOLITE_roms,warning,Pseudo-nitzschia,2000,2106,66,0.39486,0.39657,0.25997,0.54133,0.54529,0.1889
quadtree_random,Baseline,Baseline_only,warning,Alexandrium_catenella,100,1682,66,0.33119,0.33062,0.1749,0.42304,0.42525,0.18752
quadtree_random,Baseline,Baseline_roms,warning,Alexandrium_catenella,100,1682,66,0.34718,0.40909,0.19209,0.50766,0.52409,0.18119
quadtree_random,Baseline,Baseline_only,warning,Dinophysis_acuminata,200,3867,66,0.32221,0.37403,0.11536,0.44704,0.46328,0.16642
quadtree_random,Baseline,Baseline_roms,warning,Dinophysis_acuminata,200,3867,66,0.33702,0.39549,0.14563,0.48855,0.5215,0.16678
quadtree_random,Baseline,Baseline_only,warning,Dinophysis_norvegica,200,1262,66,0.0043,0.0,0.0129,0.1356,0.1334,0.06195
quadtree_random,Baseline,Baseline_roms,warning,Dinophysis_norvegica,200,1262,66,0.00083,0.0,0.00249,0.15682,0.15489,0.05107
quadtree_random,Baseline,Baseline_only,warning,Karenia,1000,2486,66,0.46927,0.52063,0.22111,0.61431,0.66466,0.26382
quadtree_random,Baseline,Baseline_roms,warning,Karenia,1000,2486,66,0.52916,0.57242,0.24434,0.67842,0.78129,0.26906
quadtree_random,Baseline,Baseline_only,warning,Pseudo-nitzschia,2000,2106,66,0.36976,0.29587,0.19853,0.48307,0.46348,0.14799
quadtree_random,Baseline,Baseline_roms,warning,Pseudo-nitzschia,2000,2106,66,0.46307,0.44744,0.19326,0.57124,0.54339,0.1461
quadtree_random,C2RCC,C2RCC_only,warning,Alexandrium_catenella,100,1682,66,0.27502,0.27402,0.15025,0.36031,0.38412,0.13984
quadtree_random,C2RCC,C2RCC_roms,warning,Alexandrium_catenella,100,1682,66,0.40398,0.38811,0.20757,0.48788,0.50718,0.17465
quadtree_random,C2RCC,C2RCC_only,warning,Dinophysis_acuminata,200,3867,66,0.37989,0.4038,0.09984,0.41712,0.42324,0.16881
quadtree_random,C2RCC,C2RCC_roms,warning,Dinophysis_acuminata,200,3867,66,0.38317,0.4383,0.11643,0.48217,0.47817,0.16591
quadtree_random,C2RCC,C2RCC_only,warning,Dinophysis_norvegica,200,1262,66,0.03088,0.00209,0.03886,0.13844,0.13516,0.07901
quadtree_random,C2RCC,C2RCC_roms,warning,Dinophysis_norvegica,200,1262,66,0.00791,0.0,0.01658,0.14591,0.12064,0.08686
quadtree_random,C2RCC,C2RCC_only,warning,Karenia,1000,2486,66,0.42425,0.51929,0.22049,0.60822,0.71748,0.2134
quadtree_random,C2RCC,C2RCC_roms,warning,Karenia,1000,2486,66,0.45481,0.45226,0.26318,0.656,0.68161,0.24103
quadtree_random,C2RCC,C2RCC_only,warning,Pseudo-nitzschia,2000,2106,66,0.33142,0.26997,0.1374,0.44526,0.4474,0.11085
quadtree_random,C2RCC,C2RCC_roms,warning,Pseudo-nitzschia,2000,2106,66,0.40286,0.39921,0.18745,0.57172,0.54523,0.13649
