ac,track,tier,species,threshold,n_positive,cv_f1_mean,cv_f1_median,cv_f1_std,cv_prauc_mean,cv_prauc_median,cv_prauc_std,cv_recall_mean,cv_recall_median,cv_recall_std,cv_precision_mean,cv_precision_median,cv_precision_std
ACOLITE,ACOLITE_only,closure,Alexandrium_catenella,300,1310,0.60489,0.60195,0.04065,0.70433,0.70435,0.03593,0.52216,0.52301,0.04757,0.72339,0.72562,0.05306
ACOLITE,ACOLITE_roms,closure,Alexandrium_catenella,300,1310,0.66422,0.66667,0.03691,0.74589,0.74615,0.03302,0.60094,0.60665,0.04968,0.74685,0.74587,0.04961
ACOLITE,ACOLITE_only,closure,Dinophysis_acuminata,500,2095,0.29075,0.29371,0.05257,0.3148,0.31038,0.04963,0.23825,0.23431,0.05432,0.38504,0.3838,0.06818
ACOLITE,ACOLITE_roms,closure,Dinophysis_acuminata,500,2095,0.4011,0.40426,0.0552,0.44829,0.44957,0.05605,0.32394,0.32435,0.05365,0.5371,0.54066,0.08471
ACOLITE,ACOLITE_only,closure,Dinophysis_norvegica,500,255,0.07733,0.0,0.10137,0.10215,0.0798,0.07231,0.0466,0.0,0.06318,0.31,0.0,0.41901
ACOLITE,ACOLITE_roms,closure,Dinophysis_norvegica,500,255,0.08269,0.0,0.10914,0.11793,0.09726,0.08091,0.04826,0.0,0.06519,0.35667,0.0,0.45827
ACOLITE,ACOLITE_only,closure,Karenia,5000,1212,0.82354,0.82529,0.01672,0.87908,0.88138,0.01853,0.85037,0.85216,0.02392,0.79904,0.79779,0.02412
ACOLITE,ACOLITE_roms,closure,Karenia,5000,1212,0.84454,0.842,0.01528,0.88566,0.8885,0.01827,0.88982,0.89198,0.02027,0.80421,0.80226,0.02369
ACOLITE,ACOLITE_only,closure,Pseudo-nitzschia,13000,381,0.6021,0.60462,0.06114,0.72671,0.73515,0.05469,0.49207,0.48749,0.07376,0.79175,0.79057,0.08186
ACOLITE,ACOLITE_roms,closure,Pseudo-nitzschia,13000,381,0.69808,0.70008,0.04588,0.79472,0.79911,0.04965,0.62001,0.625,0.06639,0.80788,0.80707,0.06232
Baseline,Baseline_only,closure,Alexandrium_catenella,300,1310,0.57073,0.57609,0.04038,0.68078,0.68267,0.03849,0.46139,0.46155,0.04743,0.75462,0.75192,0.05202
Baseline,Baseline_roms,closure,Alexandrium_catenella,300,1310,0.6367,0.64877,0.04228,0.73899,0.74399,0.033,0.54428,0.5507,0.05441,0.77408,0.77274,0.05684
Baseline,Baseline_only,closure,Dinophysis_acuminata,500,2095,0.26258,0.26748,0.04619,0.29659,0.29695,0.04312,0.19685,0.19625,0.03944,0.40633,0.40683,0.08397
Baseline,Baseline_roms,closure,Dinophysis_acuminata,500,2095,0.40505,0.4086,0.0526,0.43011,0.42724,0.05333,0.32178,0.32173,0.05306,0.55705,0.54839,0.07849
Baseline,Baseline_only,closure,Dinophysis_norvegica,500,255,0.05114,0.0,0.09709,0.10994,0.10054,0.07978,0.02967,0.0,0.057,0.21,0.0,0.38846
Baseline,Baseline_roms,closure,Dinophysis_norvegica,500,255,0.06366,0.0,0.10478,0.10327,0.08247,0.07814,0.037,0.0,0.06195,0.27,0.0,0.42673
Baseline,Baseline_only,closure,Karenia,5000,1212,0.80342,0.80701,0.0166,0.87128,0.87649,0.02014,0.81421,0.8196,0.02763,0.79387,0.79493,0.024
Baseline,Baseline_roms,closure,Karenia,5000,1212,0.82951,0.82839,0.01427,0.88168,0.88298,0.01886,0.86754,0.86727,0.02193,0.79541,0.79707,0.02392
Baseline,Baseline_only,closure,Pseudo-nitzschia,13000,381,0.54256,0.54848,0.07659,0.67617,0.69359,0.06202,0.43025,0.42489,0.08174,0.74829,0.75,0.07881
Baseline,Baseline_roms,closure,Pseudo-nitzschia,13000,381,0.68061,0.67765,0.05313,0.77068,0.77946,0.05771,0.59562,0.59475,0.06621,0.79953,0.79449,0.05738
C2RCC,C2RCC_only,closure,Alexandrium_catenella,300,1310,0.56852,0.56807,0.03862,0.65699,0.65743,0.04073,0.49036,0.49515,0.04601,0.68164,0.67361,0.05422
C2RCC,C2RCC_roms,closure,Alexandrium_catenella,300,1310,0.65324,0.65909,0.04092,0.73438,0.73689,0.03818,0.59169,0.59799,0.05511,0.73438,0.73226,0.05132
C2RCC,C2RCC_only,closure,Dinophysis_acuminata,500,2095,0.33312,0.33013,0.04335,0.31803,0.31357,0.05407,0.29766,0.29666,0.04574,0.38354,0.37123,0.05897
C2RCC,C2RCC_roms,closure,Dinophysis_acuminata,500,2095,0.41973,0.42105,0.05601,0.4228,0.42987,0.05644,0.3579,0.35044,0.05545,0.51428,0.5139,0.07719
C2RCC,C2RCC_only,closure,Dinophysis_norvegica,500,255,0.06315,0.0,0.09832,0.08735,0.05633,0.07223,0.03654,0.0,0.05822,0.28,0.0,0.42615
C2RCC,C2RCC_roms,closure,Dinophysis_norvegica,500,255,0.06831,0.0,0.10178,0.1012,0.06712,0.07532,0.03987,0.0,0.06075,0.29,0.0,0.42532
C2RCC,C2RCC_only,closure,Karenia,5000,1212,0.80356,0.80413,0.01597,0.86782,0.86986,0.01775,0.86163,0.86063,0.0233,0.75348,0.75502,0.02324
C2RCC,C2RCC_roms,closure,Karenia,5000,1212,0.8259,0.8294,0.01514,0.87538,0.87629,0.01792,0.91139,0.91111,0.0179,0.75558,0.75517,0.0236
C2RCC,C2RCC_only,closure,Pseudo-nitzschia,13000,381,0.55355,0.54545,0.06623,0.67109,0.67036,0.06107,0.4416,0.42943,0.07265,0.75622,0.74457,0.0823
C2RCC,C2RCC_roms,closure,Pseudo-nitzschia,13000,381,0.70601,0.71099,0.05384,0.78157,0.79207,0.05328,0.62809,0.6185,0.07017,0.81323,0.82143,0.06187
ACOLITE,ACOLITE_only,warning,Alexandrium_catenella,100,1706,0.58176,0.57999,0.03538,0.67682,0.67779,0.02992,0.50366,0.5017,0.03931,0.69168,0.68668,0.04904
ACOLITE,ACOLITE_roms,warning,Alexandrium_catenella,100,1706,0.62968,0.63358,0.03004,0.71776,0.71924,0.02665,0.56675,0.56934,0.04338,0.7119,0.71358,0.0374
ACOLITE,ACOLITE_only,warning,Dinophysis_acuminata,200,3897,0.47428,0.47319,0.02303,0.49546,0.4928,0.03002,0.41533,0.41944,0.02754,0.55517,0.55086,0.03504
ACOLITE,ACOLITE_roms,warning,Dinophysis_acuminata,200,3897,0.4896,0.49339,0.02378,0.52981,0.53195,0.03011,0.42366,0.42641,0.02828,0.58245,0.58026,0.03648
ACOLITE,ACOLITE_only,warning,Dinophysis_norvegica,200,1276,0.11634,0.11112,0.03426,0.18413,0.18359,0.02479,0.07538,0.0724,0.02466,0.26861,0.26201,0.07376
ACOLITE,ACOLITE_roms,warning,Dinophysis_norvegica,200,1276,0.14367,0.14047,0.03976,0.20464,0.19993,0.02809,0.09559,0.09293,0.02947,0.29929,0.28869,0.07062
ACOLITE,ACOLITE_only,warning,Karenia,1000,2518,0.90414,0.90429,0.00997,0.97332,0.97397,0.00382,0.87076,0.87037,0.01541,0.94042,0.94055,0.01268
ACOLITE,ACOLITE_roms,warning,Karenia,1000,2518,0.91944,0.92134,0.00819,0.9797,0.97988,0.00323,0.8976,0.89553,0.0136,0.94259,0.94213,0.01236
ACOLITE,ACOLITE_only,warning,Pseudo-nitzschia,2000,2132,0.68973,0.68996,0.02207,0.78077,0.78327,0.02541,0.63156,0.63172,0.02817,0.76143,0.76492,0.03489
ACOLITE,ACOLITE_roms,warning,Pseudo-nitzschia,2000,2132,0.75211,0.75181,0.02177,0.84008,0.8387,0.02096,0.70956,0.71142,0.02993,0.80162,0.80304,0.03195
Baseline,Baseline_only,warning,Alexandrium_catenella,100,1706,0.53751,0.53955,0.03132,0.65829,0.66548,0.03135,0.43049,0.42617,0.0384,0.72075,0.72066,0.0424
Baseline,Baseline_roms,warning,Alexandrium_catenella,100,1706,0.60748,0.61112,0.03637,0.7114,0.71589,0.02765,0.51533,0.52202,0.04802,0.74523,0.75,0.04438
Baseline,Baseline_only,warning,Dinophysis_acuminata,200,3897,0.44648,0.44724,0.02486,0.46319,0.46303,0.02901,0.38321,0.38387,0.02573,0.53675,0.53967,0.03667
Baseline,Baseline_roms,warning,Dinophysis_acuminata,200,3897,0.4803,0.48292,0.02759,0.51331,0.51975,0.02894,0.41304,0.41408,0.02943,0.5757,0.57896,0.03753
Baseline,Baseline_only,warning,Dinophysis_norvegica,200,1276,0.07543,0.07144,0.03383,0.17854,0.1767,0.02424,0.04453,0.04229,0.021,0.26527,0.25833,0.10719
Baseline,Baseline_roms,warning,Dinophysis_norvegica,200,1276,0.1296,0.13118,0.03777,0.20502,0.20104,0.0279,0.08081,0.08284,0.02455,0.34484,0.33333,0.1126
Baseline,Baseline_only,warning,Karenia,1000,2518,0.89761,0.89815,0.00941,0.97141,0.97167,0.00408,0.85005,0.85264,0.01583,0.95106,0.95165,0.0104
Baseline,Baseline_roms,warning,Karenia,1000,2518,0.91974,0.9204,0.00873,0.97889,0.97921,0.00316,0.89008,0.89025,0.01479,0.9517,0.95177,0.0119
Baseline,Baseline_only,warning,Pseudo-nitzschia,2000,2132,0.61368,0.61491,0.03109,0.73166,0.73332,0.0304,0.52188,0.51935,0.03712,0.74727,0.75106,0.0376
Baseline,Baseline_roms,warning,Pseudo-nitzschia,2000,2132,0.72423,0.72519,0.02569,0.82133,0.82075,0.02396,0.66397,0.6637,0.03416,0.79831,0.79815,0.0338
C2RCC,C2RCC_only,warning,Alexandrium_catenella,100,1706,0.54985,0.55439,0.03665,0.63358,0.62955,0.03696,0.47878,0.48357,0.04331,0.64929,0.64618,0.04596
C2RCC,C2RCC_roms,warning,Alexandrium_catenella,100,1706,0.61786,0.61771,0.03418,0.70694,0.70597,0.03009,0.55316,0.55159,0.04311,0.70301,0.70539,0.04457
C2RCC,C2RCC_only,warning,Dinophysis_acuminata,200,3897,0.47811,0.47982,0.0259,0.50239,0.50164,0.03078,0.4597,0.46362,0.0313,0.49968,0.50132,0.03268
C2RCC,C2RCC_roms,warning,Dinophysis_acuminata,200,3897,0.49904,0.5,0.02558,0.53665,0.54118,0.02699,0.44805,0.44855,0.03027,0.56538,0.56741,0.03649
C2RCC,C2RCC_only,warning,Dinophysis_norvegica,200,1276,0.0797,0.0771,0.03217,0.15162,0.15098,0.02246,0.05149,0.04919,0.02153,0.18419,0.18899,0.07366
C2RCC,C2RCC_roms,warning,Dinophysis_norvegica,200,1276,0.12298,0.12075,0.04199,0.18543,0.18339,0.03,0.08422,0.08634,0.02992,0.23567,0.21131,0.08653
C2RCC,C2RCC_only,warning,Karenia,1000,2518,0.88132,0.88093,0.01125,0.96676,0.96713,0.00457,0.82846,0.82604,0.01925,0.94177,0.94308,0.01177
C2RCC,C2RCC_roms,warning,Karenia,1000,2518,0.91189,0.91113,0.00895,0.97699,0.97741,0.00391,0.88745,0.88637,0.01549,0.93795,0.93743,0.01026
C2RCC,C2RCC_only,warning,Pseudo-nitzschia,2000,2132,0.64254,0.64039,0.02638,0.72795,0.72798,0.02763,0.57426,0.5735,0.03222,0.7312,0.73265,0.03737
C2RCC,C2RCC_roms,warning,Pseudo-nitzschia,2000,2132,0.74021,0.74231,0.02441,0.82487,0.82513,0.02471,0.70161,0.70744,0.03329,0.78514,0.78907,0.03589
